<?xml version="1.0" encoding="UTF-8"?>
<beans xmlns="http://www.springframework.org/schema/beans"
       xmlns:xsi="http://www.w3.org/2001/XMLSchema-instance" xmlns:task="http://www.springframework.org/schema/task"
       xsi:schemaLocation="http://www.springframework.org/schema/beans
        http://www.springframework.org/schema/beans/spring-beans.xsd http://www.springframework.org/schema/task http://www.springframework.org/schema/task/spring-task.xsd"
       default-lazy-init="true">

    <bean id="taskExecutor2" class="org.springframework.scheduling.concurrent.ThreadPoolTaskExecutor">
        <!-- 核心线程数，默认为1 -->
        <property name="corePoolSize" value="10" />
        <!-- 最大线程数，默认为Integer.MAX_VALUE -->
        <property name="maxPoolSize" value="50" />
        <!-- 队列最大长度，一般需要设置值>=notifyScheduledMainExecutor.maxNum；默认为Integer.MAX_VALUE -->
        <property name="queueCapacity" value="1000" />
        <!-- 线程池维护线程所允许的空闲时间，默认为60s -->
        <property name="keepAliveSeconds" value="60" />
        <!-- 线程池对拒绝任务（无线程可用）的处理策略，目前只支持AbortPolicy、CallerRunsPolicy；默认为后者 -->
        <property name="rejectedExecutionHandler">
            <!-- AbortPolicy:直接抛出java.util.concurrent.RejectedExecutionException异常 -->
            <!-- CallerRunsPolicy:主线程直接执行该任务，执行完之后尝试添加下一个任务到线程池中，可以有效降低向线程池内添加任务的速度 -->
            <!-- DiscardOldestPolicy:抛弃旧的任务、暂不支持；会导致被丢弃的任务无法再次被执行 -->
            <!-- DiscardPolicy:抛弃当前任务、暂不支持；会导致被丢弃的任务无法再次被执行 -->
            <bean class="java.util.concurrent.ThreadPoolExecutor$CallerRunsPolicy" />
        </property>
    </bean>

    <!-- 计划任务配置，用 @Service @Lazy(false)标注类，用@Scheduled(cron = "0 0 2 * * ?")标注方法 -->
    <task:scheduler id="scheduler2" pool-size="30"/>

    <task:annotation-driven scheduler="scheduler2" executor="taskExecutor2" proxy-target-class="true"/>

    <!-- * * * * * ? 测试专用：一秒一次-->
    <!--<task:scheduled-tasks>
        &lt;!&ndash; 释放支付宝固码 &ndash;&gt;
        <task:scheduled ref="aliMoneyCodeTask" method="doTask" fixed-delay="10000"/>
        &lt;!&ndash; 心跳超时停止账号 美团先注释掉&ndash;&gt;

        <task:scheduled ref="aliAccountHearbeatTask" method="doTask" fixed-delay="30000" initial-delay="30000"/>

        <task:scheduled ref="aliAccountMaxAmountTask" method="doTask" fixed-delay="60000"/>
    </task:scheduled-tasks>-->


</beans>