<?xml version="1.0" encoding="UTF-8"?>
<beans xmlns="http://www.springframework.org/schema/beans"
       xmlns:xsi="http://www.w3.org/2001/XMLSchema-instance"
       xmlns:context="http://www.springframework.org/schema/context"
       xsi:schemaLocation="http://www.springframework.org/schema/beans  http://www.springframework.org/schema/beans/spring-beans-3.1.xsd http://www.springframework.org/schema/context http://www.springframework.org/schema/context/spring-context.xsd">

    <beans profile="dev,test,prod">

        <bean id="dataSource" class="com.alibaba.druid.pool.DruidDataSource" destroy-method="close">
            <property name="driverClassName" value="com.mysql.jdbc.Driver"/>
            <property name="url" value="${jdbc.datasource.url}"/>
            <property name="username" value="${jdbc.datasource.username}"/>
            <property name="password" value="${jdbc.datasource.password}"/>

            <property name="maxActive" value="800"/>
            <property name="minIdle" value="10"/>
            <property name="poolPreparedStatements" value="true"/>
            <property name="maxOpenPreparedStatements" value="100"/>
            <property name="dbType" value="mysql"/>
            <property name="testWhileIdle" value="true"/>
            <property name="validationQuery" value="select 1"/>
        </bean>

       <!-- <bean id="quartzDataSource"
              class="com.alibaba.druid.pool.DruidDataSource" destroy-method="close">
            <property name="driverClassName" value="com.mysql.jdbc.Driver"/>
            <property name="url" value="${jdbc.datasource.quartz.url}"/>
            <property name="username" value="${jdbc.datasource.quartz.username}"/>
            <property name="password" value="${jdbc.datasource.quartz.password}"/>

            <property name="maxActive" value="50"/>
            <property name="minIdle" value="10"/>
            <property name="poolPreparedStatements" value="true"/>
            <property name="maxOpenPreparedStatements" value="100"/>
            <property name="dbType" value="mysql"/>
            <property name="testWhileIdle" value="true"/>
            <property name="validationQuery" value="select 1"/>
        </bean>
-->
    </beans>


</beans>


