<?xml version="1.0" encoding="UTF-8"?>

<Configuration status="WARN" monitorInterval="30">

	<Properties>
		<Property name="LOG_HOME">/opt/bfb/api_logs</Property>
	</Properties>

	<Appenders>
		<Console name="Console" target="SYSTEM_OUT">
		 <ThresholdFilter level="info" onMatch="ACCEPT" onMismatch="DENY" />
			<PatternLayout pattern="[%p] [%d{yyyy-MM-dd HH:mm:ss,SSS}] [Thread:%t] [%l]%n%m%n" />
		</Console>
		
		<File name="log" fileName="${LOG_HOME}/lhc.log" append="false">
			<PatternLayout pattern="[%p] [%d{yyyy-MM-dd HH:mm:ss,SSS}] [%l][Thread:%t]%m%n" />
			<ThresholdFilter level="debug" onMatch="ACCEPT" onMismatch="DENY" />
		</File>

		<RollingFile name="RollingFileInfo" fileName="${LOG_HOME}/lhc_info.log"
			filePattern="${LOG_HOME}/$${date:yyyy-MM}/info-%d{yyyy-MM-dd}-%i.log">
			<ThresholdFilter level="info" onMatch="ACCEPT"
				onMismatch="DENY" />
			<PatternLayout pattern="[%p] [%d{yyyy-MM-dd HH:mm:ss,SSS}] [%l][Thread:%t]%m%n" />
			<Policies>
				<TimeBasedTriggeringPolicy />
				<SizeBasedTriggeringPolicy size="30 MB" />
			</Policies>
		</RollingFile>
		
		<RollingFile name="RollingFileWarn" fileName="${LOG_HOME}/lhc_warn.log"
			filePattern="${LOG_HOME}/$${date:yyyy-MM}/warn-%d{yyyy-MM-dd}-%i.log">
			<ThresholdFilter level="warn" onMatch="ACCEPT"
				onMismatch="DENY" />
			<PatternLayout pattern="[%p] [%d{yyyy-MM-dd HH:mm:ss,SSS}] [%l][Thread:%t]%m%n" />
			<Policies>
				<TimeBasedTriggeringPolicy />
				<SizeBasedTriggeringPolicy size="30 MB" />
			</Policies>
			<DefaultRolloverStrategy max="20" />
		</RollingFile>
		
		<RollingFile name="RollingFileError" fileName="${LOG_HOME}/lhc_error.log"
			filePattern="${LOG_HOME}/$${date:yyyy-MM}/error-%d{yyyy-MM-dd}-%i.log">
			<ThresholdFilter level="error" onMatch="ACCEPT"
				onMismatch="DENY" />
			<PatternLayout pattern="[%p] [%d{yyyy-MM-dd HH:mm:ss,SSS}] [%l][Thread:%t]%m%n" />
			<Policies>
				<TimeBasedTriggeringPolicy />
				<SizeBasedTriggeringPolicy size="30 MB" />
			</Policies>
		</RollingFile>


		<RollingFile name="RollingFilePerformance" fileName="${LOG_HOME}/lhc_performance.log" filePattern="${LOG_HOME}/$${date:yyyy-MM}/info-%d{yyyy-MM-dd}-%i.log">
			<ThresholdFilter level="info" onMatch="ACCEPT" onMismatch="DENY" />
			<PatternLayout pattern="[%d{yyyy-MM-dd HH:mm:ss,SSS}]%m%n" />
			<Policies>
				<TimeBasedTriggeringPolicy />
				<SizeBasedTriggeringPolicy size="30 MB" />
			</Policies>
		</RollingFile>

    </Appenders>
	
	<Loggers>
		<logger name="org.springframework.cache" level="DEBUG"></logger>
		<logger name="org.springframework" level="INFO"></logger>

		<logger name="com.hfb" level="debug"></logger>
		<logger name="org.mybatis" level="info"></logger>
		<logger name="com.ajl.bfb" level="debug"></logger>
		<logger name="com.hippo" level="debug"></logger>
		<logger name="org.apache.ibatis.cache.decorators.LoggingCache" level="info"></logger>
		<logger name="org.apache.ibatis.logging" level="info"></logger>
		<logger name="org.mybatis" level="info"></logger>

		<Root level="info">
			<appender-ref ref="Console" />
			<appender-ref ref="RollingFileInfo" />
			<appender-ref ref="RollingFileWarn" />
			<appender-ref ref="RollingFileError" />
		</Root>
	</Loggers>
</Configuration>