<?xml version="1.0" encoding="UTF-8"?>
<beans xmlns="http://www.springframework.org/schema/beans"
       xmlns:xsi="http://www.w3.org/2001/XMLSchema-instance" xmlns:aop="http://www.springframework.org/schema/aop"
       xmlns:tx="http://www.springframework.org/schema/tx" xmlns:util="http://www.springframework.org/schema/util"
       xsi:schemaLocation="http://www.springframework.org/schema/beans
    http://www.springframework.org/schema/beans/spring-beans.xsd
    http://www.springframework.org/schema/tx
    http://www.springframework.org/schema/tx/spring-tx.xsd
    http://www.springframework.org/schema/aop
    http://www.springframework.org/schema/aop/spring-aop.xsd http://www.springframework.org/schema/util http://www.springframework.org/schema/util/spring-util.xsd"
       default-lazy-init="false">

    <import resource="classpath*:env/${spring.profiles.active}/datasource.xml"/>

    <bean id="sqlSessionFactory" class="org.mybatis.spring.SqlSessionFactoryBean">
        <property name="dataSource" ref="dataSource"/>
        <property name="mapperLocations">
            <array>
                <value>classpath*:com/hippo/**/dao/*.mapper.xml</value>
                <value>classpath*:com/ajl/bfb/**/dao/*.mapper.xml</value>
            </array>
        </property>
        <property name="plugins">
            <list>
                <bean class="com.hippo.framework.core.mybatis.plugin.SqlCostInterceptor"/>
                <!--todo 分页插件-->
            </list>
        </property>
        <property name="configurationProperties">
            <props>
                <prop key="logImpl">LOG4J</prop>
            </props>
        </property>
    </bean>
    <bean id="mapperScannerConfigurer" class="org.mybatis.spring.mapper.MapperScannerConfigurer">
        <property name="sqlSessionFactoryBeanName" value="sqlSessionFactory"/>
        <property name="basePackage" value="com.hippo.**.dao,com.ajl.bfb.**.dao"/>
    </bean>


    <bean id="txManager" lazy-init="false" scope="singleton"
          class="org.springframework.jdbc.datasource.DataSourceTransactionManager">
        <property name="dataSource" ref="dataSource"/>
    </bean>

    <tx:annotation-driven transaction-manager="txManager"/>

    <tx:advice id="txAdvice" transaction-manager="txManager">
        <tx:attributes>
            <tx:method timeout="60" name="*" propagation="REQUIRED" read-only="false"
                       rollback-for="java.lang.Exception"/>
        <!--    <tx:method timeout="60" name="createOrder" propagation="REQUIRES_NEW" read-only="false"/>-->
            <tx:method timeout="60" name="query*" propagation="SUPPORTS" read-only="true"/>
            <tx:method timeout="60" name="find*" propagation="SUPPORTS" read-only="true"/>
            <tx:method timeout="60" name="get*" propagation="SUPPORTS" read-only="true"/>
            <tx:method timeout="60" name="select*" propagation="SUPPORTS" read-only="true"/>
            <tx:method timeout="60" name="query*" propagation="SUPPORTS" read-only="true"/>
        </tx:attributes>
    </tx:advice>

    <aop:config>
        <aop:pointcut id="pointCut" expression="execution (* com.hippo..*.service..*.*(..))
                || execution (* com.ajl.bfb..*.service..*.*(..)) "/>
        <aop:advisor advice-ref="txAdvice" pointcut-ref="pointCut" order="0"/>
    </aop:config>
</beans>
