{
  "id": "1504659",
  "name": "OTC",
  "font_family": "iconfont",
  "css_prefix_text": "icon",
  "description": "OTC",
  "glyphs": [
    {
      "icon_id": "100572",
      "name": "收款",
      "font_class": "shoukuan",
      "unicode": "e60b",
      "unicode_decimal": 58891
    },
    {
      "icon_id": "166640",
      "name": "首页",
      "font_class": "shouye",
      "unicode": "e637",
      "unicode_decimal": 58935
    },
    {
      "icon_id": "170949",
      "name": "下游",
      "font_class": "weifenxiaopcjiemianzhuanhuan",
      "unicode": "e635",
      "unicode_decimal": 58933
    },
    {
      "icon_id": "187786",
      "name": "开关",
      "font_class": "kaiguan",
      "unicode": "e61e",
      "unicode_decimal": 58910
    },
    {
      "icon_id": "435514",
      "name": "iconfont-yinxingqia",
      "font_class": "iconfontyinxingqia",
      "unicode": "e670",
      "unicode_decimal": 58992
    },
    {
      "icon_id": "501807",
      "name": "账务统计",
      "font_class": "zhangwutongji",
      "unicode": "e64e",
      "unicode_decimal": 58958
    },
    {
      "icon_id": "578991",
      "name": "历史记录",
      "font_class": "lishijilu-copy",
      "unicode": "e620",
      "unicode_decimal": 58912
    },
    {
      "icon_id": "593488",
      "name": "比例",
      "font_class": "weibiaoti16",
      "unicode": "e625",
      "unicode_decimal": 58917
    },
    {
      "icon_id": "688130",
      "name": "消息-2",
      "font_class": "xiaoxi2",
      "unicode": "e7a7",
      "unicode_decimal": 59303
    },
    {
      "icon_id": "688132",
      "name": "消息",
      "font_class": "xiaoxi",
      "unicode": "e7a8",
      "unicode_decimal": 59304
    },
    {
      "icon_id": "795490",
      "name": "消息",
      "font_class": "ai-message",
      "unicode": "e661",
      "unicode_decimal": 58977
    },
    {
      "icon_id": "797463",
      "name": "利润",
      "font_class": "my-icon-money",
      "unicode": "e60e",
      "unicode_decimal": 58894
    },
    {
      "icon_id": "847580",
      "name": "online",
      "font_class": "online",
      "unicode": "e909",
      "unicode_decimal": 59657
    },
    {
      "icon_id": "850811",
      "name": "每日",
      "font_class": "meiri",
      "unicode": "e632",
      "unicode_decimal": 58930
    },
    {
      "icon_id": "981708",
      "name": "收款",
      "font_class": "sweep",
      "unicode": "e62d",
      "unicode_decimal": 58925
    },
    {
      "icon_id": "1000789",
      "name": "menu",
      "font_class": "menu",
      "unicode": "e603",
      "unicode_decimal": 58883
    },
    {
      "icon_id": "1120832",
      "name": "首页",
      "font_class": "shouyeshouye",
      "unicode": "e600",
      "unicode_decimal": 58880
    },
    {
      "icon_id": "1137822",
      "name": "站内消息",
      "font_class": "zhanneixiaoxi",
      "unicode": "e6a6",
      "unicode_decimal": 59046
    },
    {
      "icon_id": "1152893",
      "name": "线下付款",
      "font_class": "xianxiafukuan",
      "unicode": "e681",
      "unicode_decimal": 59009
    },
    {
      "icon_id": "1167169",
      "name": "利润 (2)",
      "font_class": "lirun2",
      "unicode": "e639",
      "unicode_decimal": 58937
    },
    {
      "icon_id": "1243294",
      "name": "上级",
      "font_class": "shangji",
      "unicode": "e638",
      "unicode_decimal": 58936
    },
    {
      "icon_id": "1312265",
      "name": "支付订单",
      "font_class": "zhifudingdan",
      "unicode": "e607",
      "unicode_decimal": 58887
    },
    {
      "icon_id": "1440392",
      "name": "收款管理",
      "font_class": "shoukuanguanli",
      "unicode": "e611",
      "unicode_decimal": 58897
    },
    {
      "icon_id": "1513555",
      "name": "菜单",
      "font_class": "menu1",
      "unicode": "e601",
      "unicode_decimal": 58881
    },
    {
      "icon_id": "1580379",
      "name": "LV.",
      "font_class": "LV",
      "unicode": "e623",
      "unicode_decimal": 58915
    },
    {
      "icon_id": "1617349",
      "name": "代理商",
      "font_class": "dailishang3",
      "unicode": "e6b2",
      "unicode_decimal": 59058
    },
    {
      "icon_id": "1635200",
      "name": "失败订单列表",
      "font_class": "failure",
      "unicode": "e629",
      "unicode_decimal": 58921
    },
    {
      "icon_id": "1903486",
      "name": "代付",
      "font_class": "daifu",
      "unicode": "e7df",
      "unicode_decimal": 59359
    },
    {
      "icon_id": "1912326",
      "name": "账户管理",
      "font_class": "zhanghuguanli",
      "unicode": "e6ba",
      "unicode_decimal": 59066
    },
    {
      "icon_id": "1938117",
      "name": "已支付",
      "font_class": "yizhifu",
      "unicode": "e605",
      "unicode_decimal": 58885
    },
    {
      "icon_id": "2340668",
      "name": "好友",
      "font_class": "haoyou",
      "unicode": "e606",
      "unicode_decimal": 58886
    },
    {
      "icon_id": "2438943",
      "name": "用户管理",
      "font_class": "yonghuguanli",
      "unicode": "e6e5",
      "unicode_decimal": 59109
    },
    {
      "icon_id": "2881963",
      "name": "银行卡",
      "font_class": "weibiaoti-",
      "unicode": "e602",
      "unicode_decimal": 58882
    },
    {
      "icon_id": "2933553",
      "name": "开关组",
      "font_class": "kaiguan1",
      "unicode": "e613",
      "unicode_decimal": 58899
    },
    {
      "icon_id": "2991209",
      "name": "统计",
      "font_class": "statistics1",
      "unicode": "e62c",
      "unicode_decimal": 58924
    },
    {
      "icon_id": "3032013",
      "name": "统计",
      "font_class": "tongji",
      "unicode": "e617",
      "unicode_decimal": 58903
    },
    {
      "icon_id": "3185073",
      "name": "账务管理",
      "font_class": "zhangwuguanli",
      "unicode": "e64b",
      "unicode_decimal": 58955
    },
    {
      "icon_id": "3293819",
      "name": "余额",
      "font_class": "yue1",
      "unicode": "e618",
      "unicode_decimal": 58904
    },
    {
      "icon_id": "3545465",
      "name": "代理商",
      "font_class": "dailishang",
      "unicode": "e63d",
      "unicode_decimal": 58941
    },
    {
      "icon_id": "3547092",
      "name": "提现",
      "font_class": "tixian",
      "unicode": "e60f",
      "unicode_decimal": 58895
    },
    {
      "icon_id": "3827083",
      "name": "级别-01",
      "font_class": "jibie-",
      "unicode": "e672",
      "unicode_decimal": 58994
    },
    {
      "icon_id": "3830635",
      "name": "利润",
      "font_class": "lirun",
      "unicode": "e610",
      "unicode_decimal": 58896
    },
    {
      "icon_id": "4155458",
      "name": "利润",
      "font_class": "lirun1",
      "unicode": "e66d",
      "unicode_decimal": 58989
    },
    {
      "icon_id": "4158093",
      "name": "菜单",
      "font_class": "caidan1",
      "unicode": "e64f",
      "unicode_decimal": 58959
    },
    {
      "icon_id": "4211549",
      "name": "菜单",
      "font_class": "caidan2",
      "unicode": "e7a9",
      "unicode_decimal": 59305
    },
    {
      "icon_id": "4216223",
      "name": "代理商",
      "font_class": "dailishang1",
      "unicode": "e719",
      "unicode_decimal": 59161
    },
    {
      "icon_id": "4227443",
      "name": "余额",
      "font_class": "yue2",
      "unicode": "e621",
      "unicode_decimal": 58913
    },
    {
      "icon_id": "4489820",
      "name": "上游企业",
      "font_class": "shangyouqiye",
      "unicode": "e619",
      "unicode_decimal": 58905
    },
    {
      "icon_id": "4499569",
      "name": "菜单",
      "font_class": "webicon03",
      "unicode": "e60c",
      "unicode_decimal": 58892
    },
    {
      "icon_id": "4804638",
      "name": "代理商",
      "font_class": "dailishang2",
      "unicode": "e628",
      "unicode_decimal": 58920
    },
    {
      "icon_id": "5196382",
      "name": "利润",
      "font_class": "lirun3",
      "unicode": "e69d",
      "unicode_decimal": 59037
    },
    {
      "icon_id": "5301923",
      "name": "历史记录",
      "font_class": "lishijilu",
      "unicode": "e62b",
      "unicode_decimal": 58923
    },
    {
      "icon_id": "5315534",
      "name": "OTC",
      "font_class": "OTC",
      "unicode": "e61c",
      "unicode_decimal": 58908
    },
    {
      "icon_id": "5364593",
      "name": "菜单",
      "font_class": "caidan3",
      "unicode": "e60d",
      "unicode_decimal": 58893
    },
    {
      "icon_id": "5588532",
      "name": "收款",
      "font_class": "shoukuan1",
      "unicode": "e61d",
      "unicode_decimal": 58909
    },
    {
      "icon_id": "5607325",
      "name": "盈利",
      "font_class": "yingli",
      "unicode": "e631",
      "unicode_decimal": 58929
    },
    {
      "icon_id": "5755527",
      "name": "消息-粗线条1-fill",
      "font_class": "xiaoxi-cuxiantiao-fill",
      "unicode": "e68d",
      "unicode_decimal": 59021
    },
    {
      "icon_id": "6069936",
      "name": "余额",
      "font_class": "yue",
      "unicode": "e612",
      "unicode_decimal": 58898
    },
    {
      "icon_id": "6211628",
      "name": "开关",
      "font_class": "kaiguan2",
      "unicode": "e61a",
      "unicode_decimal": 58906
    },
    {
      "icon_id": "6291988",
      "name": "开关",
      "font_class": "rs-r-ordinary",
      "unicode": "e614",
      "unicode_decimal": 58900
    },
    {
      "icon_id": "6462673",
      "name": "全局设置",
      "font_class": "quanjushezhi",
      "unicode": "e69f",
      "unicode_decimal": 59039
    },
    {
      "icon_id": "6561441",
      "name": "收款",
      "font_class": "shoukuan2",
      "unicode": "e61b",
      "unicode_decimal": 58907
    },
    {
      "icon_id": "6707184",
      "name": "利润",
      "font_class": "lirun4",
      "unicode": "e615",
      "unicode_decimal": 58901
    },
    {
      "icon_id": "6712432",
      "name": "问题订单",
      "font_class": "wentidingdan",
      "unicode": "e686",
      "unicode_decimal": 59014
    },
    {
      "icon_id": "6755352",
      "name": "成功率",
      "font_class": "chenggongshuai",
      "unicode": "e651",
      "unicode_decimal": 58961
    },
    {
      "icon_id": "6776650",
      "name": "菜单",
      "font_class": "caidan4",
      "unicode": "e604",
      "unicode_decimal": 58884
    },
    {
      "icon_id": "6832164",
      "name": "费用",
      "font_class": "feiyong",
      "unicode": "e645",
      "unicode_decimal": 58949
    },
    {
      "icon_id": "6979038",
      "name": "上游合作企业",
      "font_class": "shangyouhezuoqiye",
      "unicode": "e689",
      "unicode_decimal": 59017
    },
    {
      "icon_id": "6979060",
      "name": "下游合作企业",
      "font_class": "xiayouhezuoqiye",
      "unicode": "e68e",
      "unicode_decimal": 59022
    },
    {
      "icon_id": "7409733",
      "name": "qiandai",
      "font_class": "qiandai",
      "unicode": "e62a",
      "unicode_decimal": 58922
    },
    {
      "icon_id": "7421813",
      "name": "二维码",
      "font_class": "erweima",
      "unicode": "e608",
      "unicode_decimal": 58888
    },
    {
      "icon_id": "7682298",
      "name": "今日冻结资金",
      "font_class": "jinridongjiezijin",
      "unicode": "e701",
      "unicode_decimal": 59137
    },
    {
      "icon_id": "8004964",
      "name": "汇总",
      "font_class": "icon-summarizing",
      "unicode": "e6c1",
      "unicode_decimal": 59073
    },
    {
      "icon_id": "8088428",
      "name": "系统设置",
      "font_class": "shezhi",
      "unicode": "e61f",
      "unicode_decimal": 58911
    },
    {
      "icon_id": "8521816",
      "name": "系统设置",
      "font_class": "systemSet",
      "unicode": "e622",
      "unicode_decimal": 58914
    },
    {
      "icon_id": "8690090",
      "name": "成功率",
      "font_class": "chenggonglv",
      "unicode": "e6fd",
      "unicode_decimal": 59133
    },
    {
      "icon_id": "9484368",
      "name": "分润",
      "font_class": "fenrun",
      "unicode": "e609",
      "unicode_decimal": 58889
    },
    {
      "icon_id": "9509940",
      "name": "收款申请单",
      "font_class": "shoukuanshenqingdan",
      "unicode": "e60a",
      "unicode_decimal": 58890
    },
    {
      "icon_id": "9715300",
      "name": "利润表",
      "font_class": "lirunbiao",
      "unicode": "e630",
      "unicode_decimal": 58928
    },
    {
      "icon_id": "9896377",
      "name": "手工",
      "font_class": "shougong",
      "unicode": "eda8",
      "unicode_decimal": 60840
    },
    {
      "icon_id": "10284237",
      "name": "收款订单",
      "font_class": "shoukuandingdan",
      "unicode": "e65f",
      "unicode_decimal": 58975
    },
    {
      "icon_id": "10480450",
      "name": "菜单",
      "font_class": "caidan5",
      "unicode": "e697",
      "unicode_decimal": 59031
    },
    {
      "icon_id": "10731417",
      "name": "菜单",
      "font_class": "caidan",
      "unicode": "e665",
      "unicode_decimal": 58981
    },
    {
      "icon_id": "10817094",
      "name": "收款方式",
      "font_class": "shoukuanfangshi",
      "unicode": "e616",
      "unicode_decimal": 58902
    },
    {
      "icon_id": "11457847",
      "name": "fsux_图表_百分比环图",
      "font_class": "fsux_tubiao_baifenbihuantu",
      "unicode": "e624",
      "unicode_decimal": 58916
    },
    {
      "icon_id": "12081211",
      "name": "提现订单",
      "font_class": "tixiandingdan",
      "unicode": "e800",
      "unicode_decimal": 59392
    }
  ]
}
